"INVOICE_HOLD_ID","INVOICE_ID","HOLD_NAME","HOLD_REASON","HOLD_DATE","HOLD_SOURCE","HELD_BY_PERSON_ID","RELEASE_NAME","RELEASE_REASON","RELEASE_DATE","RELEASE_SOURCE","RELEASED_BY_PERSON_ID","HOLD_COMMENTS"
56848,156211,"DIST VARIANCE","Total of invoice distributions does not equal invoice amount","14-NOV-2013","SYSTEM",,"VARIANCE CORRECTED","Invoice variance corrected","16-FEB-2014","SYSTEM",,""
56849,157614,"QTY ORD","Quantity billed exceeds quantity ordered","14-NOV-2013","SYSTEM",,"MATCH OVERRIDE","Matching hold released","20-NOV-2013","MANUAL",25,""
56850,157614,"QTY REC","Quantity billed exceeds quantity received","14-NOV-2013","SYSTEM",,"MATCH OVERRIDE","Matching hold released","20-NOV-2013","MANUAL",25,""
56851,157614,"QTY ORD","Quantity billed exceeds quantity ordered","14-NOV-2013","SYSTEM",,"MATCH OVERRIDE","Matching hold released","20-NOV-2013","MANUAL",25,""
56852,157614,"QTY REC","Quantity billed exceeds quantity received","14-NOV-2013","SYSTEM",,"MATCH OVERRIDE","Matching hold released","20-NOV-2013","MANUAL",25,""
56853,157614,"MAX TOTAL AMOUNT","Sum of invoice and exchange rate variances exceeds limit","14-NOV-2013","SYSTEM",,"MATCH OVERRIDE","Matching hold released","20-NOV-2013","MANUAL",25,""
56854,157614,"QTY ORD","Quantity billed exceeds quantity ordered","14-NOV-2013","SYSTEM",,"MATCH OVERRIDE","Matching hold released","20-NOV-2013","MANUAL",25,""
56855,157614,"QTY REC","Quantity billed exceeds quantity received","14-NOV-2013","SYSTEM",,"MATCH OVERRIDE","Matching hold released","20-NOV-2013","MANUAL",25,""
56856,157614,"MAX TOTAL AMOUNT","Sum of invoice and exchange rate variances exceeds limit","14-NOV-2013","SYSTEM",,"MATCH OVERRIDE","Matching hold released","20-NOV-2013","MANUAL",25,""
56857,157614,"QTY ORD","Quantity billed exceeds quantity ordered","14-NOV-2013","SYSTEM",,"MATCH OVERRIDE","Matching hold released","20-NOV-2013","MANUAL",25,""
56858,157614,"QTY REC","Quantity billed exceeds quantity received","14-NOV-2013","SYSTEM",,"MATCH OVERRIDE","Matching hold released","20-NOV-2013","MANUAL",25,""
56859,157614,"MAX TOTAL AMOUNT","Sum of invoice and exchange rate variances exceeds limit","14-NOV-2013","SYSTEM",,"MATCH OVERRIDE","Matching hold released","20-NOV-2013","MANUAL",25,""
56860,157614,"QTY ORD","Quantity billed exceeds quantity ordered","14-NOV-2013","SYSTEM",,"MATCH OVERRIDE","Matching hold released","20-NOV-2013","MANUAL",25,""
56862,157614,"MAX TOTAL AMOUNT","Sum of invoice and exchange rate variances exceeds limit","14-NOV-2013","SYSTEM",,"MATCH OVERRIDE","Matching hold released","20-NOV-2013","MANUAL",25,""
56863,157614,"QTY ORD","Quantity billed exceeds quantity ordered","14-NOV-2013","SYSTEM",,"MATCH OVERRIDE","Matching hold released","20-NOV-2013","MANUAL",25,""
56864,157614,"QTY REC","Quantity billed exceeds quantity received","14-NOV-2013","SYSTEM",,"MATCH OVERRIDE","Matching hold released","20-NOV-2013","MANUAL",25,""
56866,157615,"QTY ORD","Quantity billed exceeds quantity ordered","14-NOV-2013","SYSTEM",,"MATCH OVERRIDE","Matching hold released","20-NOV-2013","MANUAL",25,""
56867,157615,"QTY REC","Quantity billed exceeds quantity received","14-NOV-2013","SYSTEM",,"MATCH OVERRIDE","Matching hold released","20-NOV-2013","MANUAL",25,""
56868,157615,"MAX TOTAL AMOUNT","Sum of invoice and exchange rate variances exceeds limit","14-NOV-2013","SYSTEM",,"MATCH OVERRIDE","Matching hold released","20-NOV-2013","MANUAL",25,""
56869,157740,"QTY ORD","Quantity billed exceeds quantity ordered","14-NOV-2013","SYSTEM",,"MATCH OVERRIDE","Matching hold released","20-NOV-2013","MANUAL",25,""
56870,157740,"QTY REC","Quantity billed exceeds quantity received","14-NOV-2013","SYSTEM",,"MATCH OVERRIDE","Matching hold released","20-NOV-2013","MANUAL",25,""
56871,157740,"MAX TOTAL AMOUNT","Sum of invoice and exchange rate variances exceeds limit","14-NOV-2013","SYSTEM",,"MATCH OVERRIDE","Matching hold released","20-NOV-2013","MANUAL",25,""
56872,157878,"QTY ORD","Quantity billed exceeds quantity ordered","14-NOV-2013","SYSTEM",,"HOLDS QUICK RELEASED","Holds Released","19-SEP-2014","MANUAL",25,""
56873,157878,"MAX TOTAL AMOUNT","Sum of invoice and exchange rate variances exceeds limit","14-NOV-2013","SYSTEM",,"HOLDS QUICK RELEASED","Holds Released","19-SEP-2014","MANUAL",25,""
56874,157878,"QTY ORD","Quantity billed exceeds quantity ordered","14-NOV-2013","SYSTEM",,"HOLDS QUICK RELEASED","Holds Released","19-SEP-2014","MANUAL",25,""
56875,157878,"MAX TOTAL AMOUNT","Sum of invoice and exchange rate variances exceeds limit","14-NOV-2013","SYSTEM",,"HOLDS QUICK RELEASED","Holds Released","19-SEP-2014","MANUAL",25,""
56876,157878,"QTY ORD","Quantity billed exceeds quantity ordered","14-NOV-2013","SYSTEM",,"HOLDS QUICK RELEASED","Holds Released","19-SEP-2014","MANUAL",25,""
56877,157878,"MAX TOTAL AMOUNT","Sum of invoice and exchange rate variances exceeds limit","14-NOV-2013","SYSTEM",,"HOLDS QUICK RELEASED","Holds Released","19-SEP-2014","MANUAL",25,""
56878,157879,"QTY ORD","Quantity billed exceeds quantity ordered","14-NOV-2013","SYSTEM",,"MATCH OVERRIDE","Matching hold released","20-NOV-2013","MANUAL",25,""
56879,157879,"MAX TOTAL AMOUNT","Sum of invoice and exchange rate variances exceeds limit","14-NOV-2013","SYSTEM",,"MATCH OVERRIDE","Matching hold released","20-NOV-2013","MANUAL",25,""
56880,157880,"QTY ORD","Quantity billed exceeds quantity ordered","14-NOV-2013","SYSTEM",,"MATCH OVERRIDE","Matching hold released","20-NOV-2013","MANUAL",25,""
56881,157880,"QTY REC","Quantity billed exceeds quantity received","14-NOV-2013","SYSTEM",,"MATCH OVERRIDE","Matching hold released","20-NOV-2013","MANUAL",25,""
56882,157880,"MAX TOTAL AMOUNT","Sum of invoice and exchange rate variances exceeds limit","14-NOV-2013","SYSTEM",,"MATCH OVERRIDE","Matching hold released","20-NOV-2013","MANUAL",25,""
56883,157881,"QTY ORD","Quantity billed exceeds quantity ordered","14-NOV-2013","SYSTEM",,"MATCH OVERRIDE","Matching hold released","20-NOV-2013","MANUAL",25,""
56884,157881,"MAX TOTAL AMOUNT","Sum of invoice and exchange rate variances exceeds limit","14-NOV-2013","SYSTEM",,"MATCH OVERRIDE","Matching hold released","20-NOV-2013","MANUAL",25,""
56885,157882,"QTY ORD","Quantity billed exceeds quantity ordered","14-NOV-2013","SYSTEM",,"MATCH OVERRIDE","Matching hold released","20-NOV-2013","MANUAL",25,""
56886,157882,"MAX TOTAL AMOUNT","Sum of invoice and exchange rate variances exceeds limit","14-NOV-2013","SYSTEM",,"MATCH OVERRIDE","Matching hold released","20-NOV-2013","MANUAL",25,""
21834,157953,"MAX TOTAL AMOUNT","Sum of invoice and exchange rate variances exceeds limit","23-OCT-2013","SYSTEM",,"MATCH OVERRIDE","Matching hold released","02-NOV-2013","MANUAL",25,""
21835,157953,"QTY ORD","Quantity billed exceeds quantity ordered","23-OCT-2013","SYSTEM",,"MATCH OVERRIDE","Matching hold released","02-NOV-2013","MANUAL",25,""
21838,157953,"MAX TOTAL AMOUNT","Sum of invoice and exchange rate variances exceeds limit","23-OCT-2013","SYSTEM",,"MATCH OVERRIDE","Matching hold released","02-NOV-2013","MANUAL",25,""
21839,157954,"QTY ORD","Quantity billed exceeds quantity ordered","23-OCT-2013","SYSTEM",,"MATCH OVERRIDE","Matching hold released","02-NOV-2013","MANUAL",25,""
21842,157955,"QTY REC","Quantity billed exceeds quantity received","23-OCT-2013","SYSTEM",,"MATCH OVERRIDE","Matching hold released","02-NOV-2013","MANUAL",25,""
21843,157955,"MAX TOTAL AMOUNT","Sum of invoice and exchange rate variances exceeds limit","23-OCT-2013","SYSTEM",,"MATCH OVERRIDE","Matching hold released","02-NOV-2013","MANUAL",25,""
21846,157957,"QTY ORD","Quantity billed exceeds quantity ordered","23-OCT-2013","SYSTEM",,"MATCH OVERRIDE","Matching hold released","02-NOV-2013","MANUAL",25,""
21847,157957,"MAX TOTAL AMOUNT","Sum of invoice and exchange rate variances exceeds limit","23-OCT-2013","SYSTEM",,"MATCH OVERRIDE","Matching hold released","02-NOV-2013","MANUAL",25,""
23271,153714,"PRICE","Invoice price exceeds purchase order price","12-JUL-2013","SYSTEM",,"INVOICE QUICK RELEASED","Holds released in Invoice Holds window","12-JUL-2013","MANUAL",25,""
23274,153714,"MAX TOTAL AMOUNT","Sum of invoice and exchange rate variances exceeds limit","12-JUL-2013","SYSTEM",,"INVOICE QUICK RELEASED","Holds released in Invoice Holds window","12-JUL-2013","MANUAL",25,""
21299,157741,"QTY REC","Quantity billed exceeds quantity received","17-SEP-2013","SYSTEM",,"INVOICE QUICK RELEASED","Holds released in Invoice Holds window","17-SEP-2013","MANUAL",25,""
21303,157741,"QTY ORD","Quantity billed exceeds quantity ordered","17-SEP-2013","SYSTEM",,"INVOICE QUICK RELEASED","Holds released in Invoice Holds window","17-SEP-2013","MANUAL",25,""
21307,157741,"QTY REC","Quantity billed exceeds quantity received","17-SEP-2013","SYSTEM",,"INVOICE QUICK RELEASED","Holds released in Invoice Holds window","17-SEP-2013","MANUAL",25,""
21311,157741,"MAX TOTAL AMOUNT","Sum of invoice and exchange rate variances exceeds limit","17-SEP-2013","SYSTEM",,"INVOICE QUICK RELEASED","Holds released in Invoice Holds window","17-SEP-2013","MANUAL",25,""
27835,157742,"QTY ORD","Quantity billed exceeds quantity ordered","18-SEP-2013","SYSTEM",,"MATCH OVERRIDE","Matching hold released","02-NOV-2013","MANUAL",25,""
27838,157744,"QTY ORD","Quantity billed exceeds quantity ordered","18-SEP-2013","SYSTEM",,"MATCH OVERRIDE","Matching hold released","02-NOV-2013","MANUAL",25,""
27839,157744,"QTY REC","Quantity billed exceeds quantity received","18-SEP-2013","SYSTEM",,"MATCH OVERRIDE","Matching hold released","02-NOV-2013","MANUAL",25,""
27842,157744,"MAX TOTAL AMOUNT","Sum of invoice and exchange rate variances exceeds limit","18-SEP-2013","SYSTEM",,"MATCH OVERRIDE","Matching hold released","02-NOV-2013","MANUAL",25,""
27843,157744,"QTY ORD","Quantity billed exceeds quantity ordered","18-SEP-2013","SYSTEM",,"MATCH OVERRIDE","Matching hold released","02-NOV-2013","MANUAL",25,""
27846,157744,"QTY ORD","Quantity billed exceeds quantity ordered","18-SEP-2013","SYSTEM",,"MATCH OVERRIDE","Matching hold released","02-NOV-2013","MANUAL",25,""
27847,157744,"QTY REC","Quantity billed exceeds quantity received","18-SEP-2013","SYSTEM",,"MATCH OVERRIDE","Matching hold released","02-NOV-2013","MANUAL",25,""
27850,157744,"QTY REC","Quantity billed exceeds quantity received","18-SEP-2013","SYSTEM",,"MATCH OVERRIDE","Matching hold released","02-NOV-2013","MANUAL",25,""
27851,157744,"MAX TOTAL AMOUNT","Sum of invoice and exchange rate variances exceeds limit","18-SEP-2013","SYSTEM",,"MATCH OVERRIDE","Matching hold released","02-NOV-2013","MANUAL",25,""
26835,156532,"LINE VARIANCE","Total of Invoice Lines does not equal Invoice Amount","11-SEP-2013","SYSTEM",,"VARIANCE CORRECTED","Invoice variance corrected","18-SEP-2013","SYSTEM",,""
28563,153170,"MAX TOTAL AMOUNT","Sum of invoice and exchange rate variances exceeds limit","12-JUL-2013","SYSTEM",,"INVOICE QUICK RELEASED","Holds released in Invoice Holds window","25-AUG-2013","MANUAL",57,""
23015,153170,"PRICE","Invoice price exceeds purchase order price","07-JUL-2013","SYSTEM",,"INVOICE QUICK RELEASED","Holds released in Invoice Holds window","07-JUL-2013","MANUAL",57,""
73252,164866,"PRICE","Invoice price exceeds purchase order price","22-NOV-2013","SYSTEM",,"MATCH OVERRIDE","Matching hold released","22-NOV-2013","MANUAL",57,""
73253,164866,"MAX TOTAL AMOUNT","Sum of invoice and exchange rate variances exceeds limit","22-NOV-2013","SYSTEM",,"MATCH OVERRIDE","Matching hold released","22-NOV-2013","MANUAL",57,""
73255,164868,"PRICE","Invoice price exceeds purchase order price","22-NOV-2013","SYSTEM",,"MATCH OVERRIDE","Matching hold released","22-NOV-2013","MANUAL",57,""
73256,164868,"MAX TOTAL AMOUNT","Sum of invoice and exchange rate variances exceeds limit","22-NOV-2013","SYSTEM",,"MATCH OVERRIDE","Matching hold released","22-NOV-2013","MANUAL",57,""
68194,156211,"DIST VARIANCE","Total of invoice distributions does not equal invoice amount","20-NOV-2013","SYSTEM",,"VARIANCE CORRECTED","Invoice variance corrected","16-FEB-2014","SYSTEM",,""
56865,157614,"MAX TOTAL AMOUNT","Sum of invoice and exchange rate variances exceeds limit","14-NOV-2013","SYSTEM",,"MATCH OVERRIDE","Matching hold released","20-NOV-2013","MANUAL",25,""
56861,157614,"QTY REC","Quantity billed exceeds quantity received","14-NOV-2013","SYSTEM",,"MATCH OVERRIDE","Matching hold released","20-NOV-2013","MANUAL",25,""
21298,157741,"QTY ORD","Quantity billed exceeds quantity ordered","17-SEP-2013","SYSTEM",,"INVOICE QUICK RELEASED","Holds released in Invoice Holds window","17-SEP-2013","MANUAL",25,""
21302,157741,"MAX TOTAL AMOUNT","Sum of invoice and exchange rate variances exceeds limit","17-SEP-2013","SYSTEM",,"INVOICE QUICK RELEASED","Holds released in Invoice Holds window","17-SEP-2013","MANUAL",25,""
21306,157741,"QTY ORD","Quantity billed exceeds quantity ordered","17-SEP-2013","SYSTEM",,"INVOICE QUICK RELEASED","Holds released in Invoice Holds window","17-SEP-2013","MANUAL",25,""
21310,157741,"QTY REC","Quantity billed exceeds quantity received","17-SEP-2013","SYSTEM",,"INVOICE QUICK RELEASED","Holds released in Invoice Holds window","17-SEP-2013","MANUAL",25,""
26834,156285,"LINE VARIANCE","Total of Invoice Lines does not equal Invoice Amount","11-SEP-2013","SYSTEM",,"VARIANCE CORRECTED","Invoice variance corrected","18-SEP-2013","SYSTEM",,""
22826,156454,"MAX TOTAL AMOUNT","Sum of invoice and exchange rate variances exceeds limit","24-AUG-2013","SYSTEM",,"INVOICE QUICK RELEASED","Holds released in Invoice Holds window","24-AUG-2013","MANUAL",57,""
28418,157723,"MAX TOTAL AMOUNT","Sum of invoice and exchange rate variances exceeds limit","14-SEP-2013","SYSTEM",,"INVOICE QUICK RELEASED","Holds released in Invoice Holds window","18-SEP-2013","MANUAL",25,""
28422,157723,"QTY ORD","Quantity billed exceeds quantity ordered","14-SEP-2013","SYSTEM",,"INVOICE QUICK RELEASED","Holds released in Invoice Holds window","18-SEP-2013","MANUAL",25,""
28426,157723,"QTY REC","Quantity billed exceeds quantity received","14-SEP-2013","SYSTEM",,"INVOICE QUICK RELEASED","Holds released in Invoice Holds window","18-SEP-2013","MANUAL",25,""
28430,157723,"MAX TOTAL AMOUNT","Sum of invoice and exchange rate variances exceeds limit","14-SEP-2013","SYSTEM",,"INVOICE QUICK RELEASED","Holds released in Invoice Holds window","18-SEP-2013","MANUAL",25,""
28434,157724,"QTY REC","Quantity billed exceeds quantity received","14-SEP-2013","SYSTEM",,"INVOICE QUICK RELEASED","Holds released in Invoice Holds window","18-SEP-2013","MANUAL",25,""
21833,157953,"QTY ORD","Quantity billed exceeds quantity ordered","23-OCT-2013","SYSTEM",,"MATCH OVERRIDE","Matching hold released","02-NOV-2013","MANUAL",25,""
21837,157953,"QTY ORD","Quantity billed exceeds quantity ordered","23-OCT-2013","SYSTEM",,"MATCH OVERRIDE","Matching hold released","02-NOV-2013","MANUAL",25,""
21841,157955,"QTY ORD","Quantity billed exceeds quantity ordered","23-OCT-2013","SYSTEM",,"MATCH OVERRIDE","Matching hold released","02-NOV-2013","MANUAL",25,""
21845,157956,"MAX TOTAL AMOUNT","Sum of invoice and exchange rate variances exceeds limit","23-OCT-2013","SYSTEM",,"MATCH OVERRIDE","Matching hold released","02-NOV-2013","MANUAL",25,""
23253,153713,"DIST VARIANCE","Total of invoice distributions does not equal invoice amount","12-JUL-2013","SYSTEM",,"VARIANCE CORRECTED","Invoice variance corrected","12-JUL-2013","SYSTEM",,""
21301,157741,"QTY REC","Quantity billed exceeds quantity received","17-SEP-2013","SYSTEM",,"INVOICE QUICK RELEASED","Holds released in Invoice Holds window","17-SEP-2013","MANUAL",25,""
21305,157741,"MAX TOTAL AMOUNT","Sum of invoice and exchange rate variances exceeds limit","17-SEP-2013","SYSTEM",,"INVOICE QUICK RELEASED","Holds released in Invoice Holds window","17-SEP-2013","MANUAL",25,""
21309,157741,"QTY ORD","Quantity billed exceeds quantity ordered","17-SEP-2013","SYSTEM",,"INVOICE QUICK RELEASED","Holds released in Invoice Holds window","17-SEP-2013","MANUAL",25,""
27837,157742,"MAX TOTAL AMOUNT","Sum of invoice and exchange rate variances exceeds limit","18-SEP-2013","SYSTEM",,"MATCH OVERRIDE","Matching hold released","02-NOV-2013","MANUAL",25,""
27841,157744,"QTY REC","Quantity billed exceeds quantity received","18-SEP-2013","SYSTEM",,"MATCH OVERRIDE","Matching hold released","02-NOV-2013","MANUAL",25,""
27845,157744,"MAX TOTAL AMOUNT","Sum of invoice and exchange rate variances exceeds limit","18-SEP-2013","SYSTEM",,"MATCH OVERRIDE","Matching hold released","02-NOV-2013","MANUAL",25,""
27849,157744,"QTY ORD","Quantity billed exceeds quantity ordered","18-SEP-2013","SYSTEM",,"MATCH OVERRIDE","Matching hold released","02-NOV-2013","MANUAL",25,""
26833,156211,"LINE VARIANCE","Total of Invoice Lines does not equal Invoice Amount","11-SEP-2013","SYSTEM",,"VARIANCE CORRECTED","Invoice variance corrected","16-FEB-2014","SYSTEM",,""
22825,156454,"PRICE","Invoice price exceeds purchase order price","24-AUG-2013","SYSTEM",,"INVOICE QUICK RELEASED","Holds released in Invoice Holds window","24-AUG-2013","MANUAL",57,""
28417,157723,"QTY REC","Quantity billed exceeds quantity received","14-SEP-2013","SYSTEM",,"INVOICE QUICK RELEASED","Holds released in Invoice Holds window","18-SEP-2013","MANUAL",25,""
28421,157723,"MAX TOTAL AMOUNT","Sum of invoice and exchange rate variances exceeds limit","14-SEP-2013","SYSTEM",,"INVOICE QUICK RELEASED","Holds released in Invoice Holds window","18-SEP-2013","MANUAL",25,""
28425,157723,"QTY ORD","Quantity billed exceeds quantity ordered","14-SEP-2013","SYSTEM",,"INVOICE QUICK RELEASED","Holds released in Invoice Holds window","18-SEP-2013","MANUAL",25,""
28429,157723,"QTY REC","Quantity billed exceeds quantity received","14-SEP-2013","SYSTEM",,"INVOICE QUICK RELEASED","Holds released in Invoice Holds window","18-SEP-2013","MANUAL",25,""
28433,157724,"QTY ORD","Quantity billed exceeds quantity ordered","14-SEP-2013","SYSTEM",,"INVOICE QUICK RELEASED","Holds released in Invoice Holds window","18-SEP-2013","MANUAL",25,""
21836,157953,"MAX TOTAL AMOUNT","Sum of invoice and exchange rate variances exceeds limit","23-OCT-2013","SYSTEM",,"MATCH OVERRIDE","Matching hold released","02-NOV-2013","MANUAL",25,""
21840,157954,"MAX TOTAL AMOUNT","Sum of invoice and exchange rate variances exceeds limit","23-OCT-2013","SYSTEM",,"MATCH OVERRIDE","Matching hold released","02-NOV-2013","MANUAL",25,""
21844,157956,"QTY ORD","Quantity billed exceeds quantity ordered","23-OCT-2013","SYSTEM",,"MATCH OVERRIDE","Matching hold released","02-NOV-2013","MANUAL",25,""
21300,157741,"QTY ORD","Quantity billed exceeds quantity ordered","17-SEP-2013","SYSTEM",,"INVOICE QUICK RELEASED","Holds released in Invoice Holds window","17-SEP-2013","MANUAL",25,""
21304,157741,"QTY REC","Quantity billed exceeds quantity received","17-SEP-2013","SYSTEM",,"INVOICE QUICK RELEASED","Holds released in Invoice Holds window","17-SEP-2013","MANUAL",25,""
21308,157741,"MAX TOTAL AMOUNT","Sum of invoice and exchange rate variances exceeds limit","17-SEP-2013","SYSTEM",,"INVOICE QUICK RELEASED","Holds released in Invoice Holds window","17-SEP-2013","MANUAL",25,""
27804,156532,"LINE VARIANCE","Total of Invoice Lines does not equal Invoice Amount","18-SEP-2013","SYSTEM",,"VARIANCE CORRECTED","Invoice variance corrected","18-SEP-2013","SYSTEM",,""
27836,157742,"QTY REC","Quantity billed exceeds quantity received","18-SEP-2013","SYSTEM",,"MATCH OVERRIDE","Matching hold released","02-NOV-2013","MANUAL",25,""
27840,157744,"QTY ORD","Quantity billed exceeds quantity ordered","18-SEP-2013","SYSTEM",,"MATCH OVERRIDE","Matching hold released","02-NOV-2013","MANUAL",25,""
27844,157744,"QTY REC","Quantity billed exceeds quantity received","18-SEP-2013","SYSTEM",,"MATCH OVERRIDE","Matching hold released","02-NOV-2013","MANUAL",25,""
27848,157744,"MAX TOTAL AMOUNT","Sum of invoice and exchange rate variances exceeds limit","18-SEP-2013","SYSTEM",,"MATCH OVERRIDE","Matching hold released","02-NOV-2013","MANUAL",25,""
25100,156498,"MAX TOTAL AMOUNT","Sum of invoice and exchange rate variances exceeds limit","25-AUG-2013","SYSTEM",,"INVOICE QUICK RELEASED","Holds released in Invoice Holds window","25-AUG-2013","MANUAL",57,""
28416,157723,"QTY ORD","Quantity billed exceeds quantity ordered","14-SEP-2013","SYSTEM",,"INVOICE QUICK RELEASED","Holds released in Invoice Holds window","18-SEP-2013","MANUAL",25,""
28419,157723,"QTY ORD","Quantity billed exceeds quantity ordered","14-SEP-2013","SYSTEM",,"INVOICE QUICK RELEASED","Holds released in Invoice Holds window","18-SEP-2013","MANUAL",25,""
28420,157723,"QTY REC","Quantity billed exceeds quantity received","14-SEP-2013","SYSTEM",,"INVOICE QUICK RELEASED","Holds released in Invoice Holds window","18-SEP-2013","MANUAL",25,""
28423,157723,"QTY REC","Quantity billed exceeds quantity received","14-SEP-2013","SYSTEM",,"INVOICE QUICK RELEASED","Holds released in Invoice Holds window","18-SEP-2013","MANUAL",25,""
28424,157723,"MAX TOTAL AMOUNT","Sum of invoice and exchange rate variances exceeds limit","14-SEP-2013","SYSTEM",,"INVOICE QUICK RELEASED","Holds released in Invoice Holds window","18-SEP-2013","MANUAL",25,""
28427,157723,"MAX TOTAL AMOUNT","Sum of invoice and exchange rate variances exceeds limit","14-SEP-2013","SYSTEM",,"INVOICE QUICK RELEASED","Holds released in Invoice Holds window","18-SEP-2013","MANUAL",25,""
28428,157723,"QTY ORD","Quantity billed exceeds quantity ordered","14-SEP-2013","SYSTEM",,"INVOICE QUICK RELEASED","Holds released in Invoice Holds window","18-SEP-2013","MANUAL",25,""
28431,157723,"QTY ORD","Quantity billed exceeds quantity ordered","14-SEP-2013","SYSTEM",,"INVOICE QUICK RELEASED","Holds released in Invoice Holds window","18-SEP-2013","MANUAL",25,""
28432,157723,"QTY REC","Quantity billed exceeds quantity received","14-SEP-2013","SYSTEM",,"INVOICE QUICK RELEASED","Holds released in Invoice Holds window","18-SEP-2013","MANUAL",25,""
28435,157724,"MAX TOTAL AMOUNT","Sum of invoice and exchange rate variances exceeds limit","14-SEP-2013","SYSTEM",,"INVOICE QUICK RELEASED","Holds released in Invoice Holds window","18-SEP-2013","MANUAL",25,""
28436,157741,"QTY REC","Quantity billed exceeds quantity received","14-SEP-2013","SYSTEM",,"INVOICE QUICK RELEASED","Holds released in Invoice Holds window","17-SEP-2013","MANUAL",25,""
28564,153451,"MAX TOTAL AMOUNT","Sum of invoice and exchange rate variances exceeds limit","12-JUL-2013","SYSTEM",,"INVOICE QUICK RELEASED","Holds released in Invoice Holds window","25-AUG-2013","MANUAL",57,""
27380,153451,"PRICE","Invoice price exceeds purchase order price","10-JUL-2013","SYSTEM",,"INVOICE QUICK RELEASED","Holds released in Invoice Holds window","10-JUL-2013","MANUAL",57,""
174534,168630,"PRICE","Invoice price exceeds purchase order price","11-JAN-2014","SYSTEM",,"INVOICE QUICK RELEASED","Holds released in Invoice Holds window","11-JAN-2014","MANUAL",57,""
174535,168630,"MAX TOTAL AMOUNT","Sum of invoice and exchange rate variances exceeds limit","11-JAN-2014","SYSTEM",,"INVOICE QUICK RELEASED","Holds released in Invoice Holds window","11-JAN-2014","MANUAL",57,""
179534,169278,"PRICE","Invoice price exceeds purchase order price","23-JAN-2014","SYSTEM",,"INVOICE QUICK RELEASED","Holds released in Invoice Holds window","23-JAN-2014","MANUAL",57,""
179535,169278,"MAX TOTAL AMOUNT","Sum of invoice and exchange rate variances exceeds limit","23-JAN-2014","SYSTEM",,"INVOICE QUICK RELEASED","Holds released in Invoice Holds window","23-JAN-2014","MANUAL",57,""
181534,169564,"PRICE","Invoice price exceeds purchase order price","30-JAN-2014","SYSTEM",,"INVOICE QUICK RELEASED","Holds released in Invoice Holds window","30-JAN-2014","MANUAL",57,""
181535,169564,"MAX TOTAL AMOUNT","Sum of invoice and exchange rate variances exceeds limit","30-JAN-2014","SYSTEM",,"INVOICE QUICK RELEASED","Holds released in Invoice Holds window","30-JAN-2014","MANUAL",57,""
186535,170217,"PRICE","Invoice price exceeds purchase order price","06-FEB-2014","SYSTEM",,"INVOICE QUICK RELEASED","Holds released in Invoice Holds window","06-FEB-2014","MANUAL",57,""
186536,170217,"MAX TOTAL AMOUNT","Sum of invoice and exchange rate variances exceeds limit","06-FEB-2014","SYSTEM",,"INVOICE QUICK RELEASED","Holds released in Invoice Holds window","06-FEB-2014","MANUAL",57,""
200539,171352,"PRICE","Invoice price exceeds purchase order price","19-FEB-2014","SYSTEM",,"INVOICE QUICK RELEASED","Holds released in Invoice Holds window","19-FEB-2014","MANUAL",57,""
200540,171352,"MAX TOTAL AMOUNT","Sum of invoice and exchange rate variances exceeds limit","19-FEB-2014","SYSTEM",,"INVOICE QUICK RELEASED","Holds released in Invoice Holds window","19-FEB-2014","MANUAL",57,""
196539,156211,"DIST VARIANCE","Total of invoice distributions does not equal invoice amount","16-FEB-2014","SYSTEM",,"VARIANCE CORRECTED","Invoice variance corrected","16-FEB-2014","SYSTEM",,""
184535,156211,"LINE VARIANCE","Total of Invoice Lines does not equal Invoice Amount","01-FEB-2014","SYSTEM",,"VARIANCE CORRECTED","Invoice variance corrected","16-FEB-2014","SYSTEM",,""
191536,170655,"PRICE","Invoice price exceeds purchase order price","13-FEB-2014","SYSTEM",,"INVOICE QUICK RELEASED","Holds released in Invoice Holds window","13-FEB-2014","MANUAL",57,""
191537,170655,"MAX TOTAL AMOUNT","Sum of invoice and exchange rate variances exceeds limit","13-FEB-2014","SYSTEM",,"INVOICE QUICK RELEASED","Holds released in Invoice Holds window","13-FEB-2014","MANUAL",57,""
238564,174069,"PRICE","Invoice price exceeds purchase order price","13-APR-2014","SYSTEM",,"INVOICE QUICK RELEASED","Holds released in Invoice Holds window","13-APR-2014","MANUAL",57,""
238565,174069,"MAX TOTAL AMOUNT","Sum of invoice and exchange rate variances exceeds limit","13-APR-2014","SYSTEM",,"INVOICE QUICK RELEASED","Holds released in Invoice Holds window","13-APR-2014","MANUAL",57,""
310596,179183,"PRICE","Invoice price exceeds purchase order price","27-JUL-2014","SYSTEM",,"HOLDS QUICK RELEASED","Holds Released","19-SEP-2014","MANUAL",25,""
310597,179183,"MAX TOTAL AMOUNT","Sum of invoice and exchange rate variances exceeds limit","27-JUL-2014","SYSTEM",,"HOLDS QUICK RELEASED","Holds Released","19-SEP-2014","MANUAL",25,""
272579,176482,"PRICE","Invoice price exceeds purchase order price","01-JUN-2014","SYSTEM",,"INVOICE QUICK RELEASED","Holds released in Invoice Holds window","01-JUN-2014","MANUAL",57,""
272580,176482,"MAX TOTAL AMOUNT","Sum of invoice and exchange rate variances exceeds limit","01-JUN-2014","SYSTEM",,"INVOICE QUICK RELEASED","Holds released in Invoice Holds window","01-JUN-2014","MANUAL",57,""
304588,178451,"PRICE","Invoice price exceeds purchase order price","09-JUL-2014","SYSTEM",,"INVOICE QUICK RELEASED","Holds released in Invoice Holds window","09-JUL-2014","MANUAL",57,""
304589,178451,"MAX TOTAL AMOUNT","Sum of invoice and exchange rate variances exceeds limit","09-JUL-2014","SYSTEM",,"INVOICE QUICK RELEASED","Holds released in Invoice Holds window","09-JUL-2014","MANUAL",57,""
335606,181208,"PRICE","Invoice price exceeds purchase order price","04-SEP-2014","SYSTEM",,"HOLDS QUICK RELEASED","Holds Released","19-SEP-2014","MANUAL",25,""
335607,181208,"MAX TOTAL AMOUNT","Sum of invoice and exchange rate variances exceeds limit","04-SEP-2014","SYSTEM",,"HOLDS QUICK RELEASED","Holds Released","19-SEP-2014","MANUAL",25,""
335608,180596,"QTY REC","Quantity billed exceeds quantity received","04-SEP-2014","SYSTEM",,"HOLDS QUICK RELEASED","Holds Released","19-SEP-2014","MANUAL",25,""
269577,176232,"PRICE","Invoice price exceeds purchase order price","29-MAY-2014","SYSTEM",,"INVOICE QUICK RELEASED","Holds released in Invoice Holds window","29-MAY-2014","MANUAL",57,""
269578,176232,"MAX TOTAL AMOUNT","Sum of invoice and exchange rate variances exceeds limit","29-MAY-2014","SYSTEM",,"INVOICE QUICK RELEASED","Holds released in Invoice Holds window","29-MAY-2014","MANUAL",57,""
273581,176556,"PRICE","Invoice price exceeds purchase order price","04-JUN-2014","SYSTEM",,"INVOICE QUICK RELEASED","Holds released in Invoice Holds window","04-JUN-2014","MANUAL",57,""
273582,176556,"MAX TOTAL AMOUNT","Sum of invoice and exchange rate variances exceeds limit","04-JUN-2014","SYSTEM",,"INVOICE QUICK RELEASED","Holds released in Invoice Holds window","04-JUN-2014","MANUAL",57,""
211546,172146,"PRICE","Invoice price exceeds purchase order price","28-FEB-2014","SYSTEM",,"INVOICE QUICK RELEASED","Holds released in Invoice Holds window","28-FEB-2014","MANUAL",57,""
211547,172146,"MAX TOTAL AMOUNT","Sum of invoice and exchange rate variances exceeds limit","28-FEB-2014","SYSTEM",,"INVOICE QUICK RELEASED","Holds released in Invoice Holds window","28-FEB-2014","MANUAL",57,""
213562,172487,"PRICE","Invoice price exceeds purchase order price","06-MAR-2014","SYSTEM",,"INVOICE QUICK RELEASED","Holds released in Invoice Holds window","06-MAR-2014","MANUAL",57,""
213563,172487,"MAX TOTAL AMOUNT","Sum of invoice and exchange rate variances exceeds limit","06-MAR-2014","SYSTEM",,"INVOICE QUICK RELEASED","Holds released in Invoice Holds window","06-MAR-2014","MANUAL",57,""
310592,178995,"PRICE","Invoice price exceeds purchase order price","17-JUL-2014","SYSTEM",,"INVOICE QUICK RELEASED","Holds released in Invoice Holds window","17-JUL-2014","MANUAL",57,""
310593,178995,"MAX TOTAL AMOUNT","Sum of invoice and exchange rate variances exceeds limit","17-JUL-2014","SYSTEM",,"INVOICE QUICK RELEASED","Holds released in Invoice Holds window","17-JUL-2014","MANUAL",57,""
250565,174805,"PRICE","Invoice price exceeds purchase order price","01-MAY-2014","SYSTEM",,"INVOICE QUICK RELEASED","Holds released in Invoice Holds window","01-MAY-2014","MANUAL",57,""
250566,174805,"MAX TOTAL AMOUNT","Sum of invoice and exchange rate variances exceeds limit","01-MAY-2014","SYSTEM",,"INVOICE QUICK RELEASED","Holds released in Invoice Holds window","01-MAY-2014","MANUAL",57,""
279583,176907,"PRICE","Invoice price exceeds purchase order price","11-JUN-2014","SYSTEM",,"INVOICE QUICK RELEASED","Holds released in Invoice Holds window","11-JUN-2014","MANUAL",57,""
279584,176907,"MAX TOTAL AMOUNT","Sum of invoice and exchange rate variances exceeds limit","11-JUN-2014","SYSTEM",,"INVOICE QUICK RELEASED","Holds released in Invoice Holds window","11-JUN-2014","MANUAL",57,""
281585,177051,"DIST VARIANCE","Total of invoice distributions does not equal invoice amount","14-JUN-2014","SYSTEM",,"VARIANCE CORRECTED","Invoice variance corrected","15-JUN-2014","SYSTEM",,""
244564,174399,"PRICE","Invoice price exceeds purchase order price","19-APR-2014","SYSTEM",,"INVOICE QUICK RELEASED","Holds released in Invoice Holds window","19-APR-2014","MANUAL",57,""
244565,174399,"MAX TOTAL AMOUNT","Sum of invoice and exchange rate variances exceeds limit","19-APR-2014","SYSTEM",,"INVOICE QUICK RELEASED","Holds released in Invoice Holds window","19-APR-2014","MANUAL",57,""
261572,175794,"MAX TOTAL AMOUNT","Sum of invoice and exchange rate variances exceeds limit","17-MAY-2014","SYSTEM",,"INVOICE QUICK RELEASED","Holds released in Invoice Holds window","17-MAY-2014","MANUAL",57,""
267575,176184,"PRICE","Invoice price exceeds purchase order price","25-MAY-2014","SYSTEM",,"INVOICE QUICK RELEASED","Holds released in Invoice Holds window","25-MAY-2014","MANUAL",57,""
267576,176184,"MAX TOTAL AMOUNT","Sum of invoice and exchange rate variances exceeds limit","25-MAY-2014","SYSTEM",,"INVOICE QUICK RELEASED","Holds released in Invoice Holds window","25-MAY-2014","MANUAL",57,""
285586,177404,"PRICE","Invoice price exceeds purchase order price","19-JUN-2014","SYSTEM",,"INVOICE QUICK RELEASED","Holds released in Invoice Holds window","19-JUN-2014","MANUAL",57,""
285587,177404,"MAX TOTAL AMOUNT","Sum of invoice and exchange rate variances exceeds limit","19-JUN-2014","SYSTEM",,"INVOICE QUICK RELEASED","Holds released in Invoice Holds window","19-JUN-2014","MANUAL",57,""
297588,178097,"PRICE","Invoice price exceeds purchase order price","02-JUL-2014","SYSTEM",,"INVOICE QUICK RELEASED","Holds released in Invoice Holds window","02-JUL-2014","MANUAL",57,""
297589,178097,"MAX TOTAL AMOUNT","Sum of invoice and exchange rate variances exceeds limit","02-JUL-2014","SYSTEM",,"INVOICE QUICK RELEASED","Holds released in Invoice Holds window","02-JUL-2014","MANUAL",57,""
226564,173420,"PRICE","Invoice price exceeds purchase order price","02-APR-2014","SYSTEM",,"INVOICE QUICK RELEASED","Holds released in Invoice Holds window","02-APR-2014","MANUAL",57,""
226565,173420,"MAX TOTAL AMOUNT","Sum of invoice and exchange rate variances exceeds limit","02-APR-2014","SYSTEM",,"INVOICE QUICK RELEASED","Holds released in Invoice Holds window","02-APR-2014","MANUAL",57,""
291586,177755,"PRICE","Invoice price exceeds purchase order price","25-JUN-2014","SYSTEM",,"MATCH OVERRIDE","Matching hold released","25-JUN-2014","MANUAL",57,""
291587,177755,"MAX TOTAL AMOUNT","Sum of invoice and exchange rate variances exceeds limit","25-JUN-2014","SYSTEM",,"INVOICE QUICK RELEASED","Holds released in Invoice Holds window","25-JUN-2014","MANUAL",57,""
295586,177999,"PRICE","Invoice price exceeds purchase order price","28-JUN-2014","SYSTEM",,"INVOICE QUICK RELEASED","Holds released in Invoice Holds window","28-JUN-2014","MANUAL",57,""
295587,177999,"MAX TOTAL AMOUNT","Sum of invoice and exchange rate variances exceeds limit","28-JUN-2014","SYSTEM",,"INVOICE QUICK RELEASED","Holds released in Invoice Holds window","28-JUN-2014","MANUAL",57,""
318597,179840,"PRICE","Invoice price exceeds purchase order price","06-AUG-2014","SYSTEM",,"HOLDS QUICK RELEASED","Holds Released","19-SEP-2014","MANUAL",25,""
318598,179840,"MAX TOTAL AMOUNT","Sum of invoice and exchange rate variances exceeds limit","06-AUG-2014","SYSTEM",,"HOLDS QUICK RELEASED","Holds Released","19-SEP-2014","MANUAL",25,""
247564,174587,"PRICE","Invoice price exceeds purchase order price","23-APR-2014","SYSTEM",,"INVOICE QUICK RELEASED","Holds released in Invoice Holds window","23-APR-2014","MANUAL",57,""
247565,174587,"MAX TOTAL AMOUNT","Sum of invoice and exchange rate variances exceeds limit","23-APR-2014","SYSTEM",,"INVOICE QUICK RELEASED","Holds released in Invoice Holds window","23-APR-2014","MANUAL",57,""
253569,175169,"PRICE","Invoice price exceeds purchase order price","07-MAY-2014","SYSTEM",,"INVOICE QUICK RELEASED","Holds released in Invoice Holds window","07-MAY-2014","MANUAL",57,""
253570,175169,"MAX TOTAL AMOUNT","Sum of invoice and exchange rate variances exceeds limit","07-MAY-2014","SYSTEM",,"INVOICE QUICK RELEASED","Holds released in Invoice Holds window","07-MAY-2014","MANUAL",57,""
395622,188918,"PRICE","Invoice price exceeds purchase order price","15-NOV-2014","SYSTEM",,"INVOICE QUICK RELEASED","Holds released in Invoice Holds window","15-NOV-2014","MANUAL",57,""
395623,188918,"MAX TOTAL AMOUNT","Sum of invoice and exchange rate variances exceeds limit","15-NOV-2014","SYSTEM",,"INVOICE QUICK RELEASED","Holds released in Invoice Holds window","15-NOV-2014","MANUAL",57,""
349610,182487,"MAX TOTAL AMOUNT","Sum of invoice and exchange rate variances exceeds limit","02-OCT-2014","SYSTEM",,"HOLDS QUICK RELEASED","Holds Released","04-OCT-2014","MANUAL",25,""
368619,184511,"PRICE","Invoice price exceeds purchase order price","24-OCT-2014","SYSTEM",,"INVOICE QUICK RELEASED","Holds released in Invoice Holds window","24-OCT-2014","MANUAL",57,""
368620,184511,"MAX TOTAL AMOUNT","Sum of invoice and exchange rate variances exceeds limit","24-OCT-2014","SYSTEM",,"INVOICE QUICK RELEASED","Holds released in Invoice Holds window","24-OCT-2014","MANUAL",57,""
343606,180296,"QTY ORD","Quantity billed exceeds quantity ordered","19-SEP-2014","SYSTEM",,"HOLDS QUICK RELEASED","Holds Released","19-SEP-2014","MANUAL",25,""
343607,180296,"QTY REC","Quantity billed exceeds quantity received","19-SEP-2014","SYSTEM",,"HOLDS QUICK RELEASED","Holds Released","19-SEP-2014","MANUAL",25,""
343608,180296,"MAX TOTAL AMOUNT","Sum of invoice and exchange rate variances exceeds limit","19-SEP-2014","SYSTEM",,"HOLDS QUICK RELEASED","Holds Released","19-SEP-2014","MANUAL",25,""
343609,180295,"QTY ORD","Quantity billed exceeds quantity ordered","19-SEP-2014","SYSTEM",,"HOLDS QUICK RELEASED","Holds Released","19-SEP-2014","MANUAL",25,""
343610,180295,"QTY REC","Quantity billed exceeds quantity received","19-SEP-2014","SYSTEM",,"HOLDS QUICK RELEASED","Holds Released","19-SEP-2014","MANUAL",25,""
343611,180295,"MAX TOTAL AMOUNT","Sum of invoice and exchange rate variances exceeds limit","19-SEP-2014","SYSTEM",,"HOLDS QUICK RELEASED","Holds Released","19-SEP-2014","MANUAL",25,""
418655,190784,"PRICE","Invoice price exceeds purchase order price","03-DEC-2014","SYSTEM",,"INVOICE QUICK RELEASED","Holds released in Invoice Holds window","03-DEC-2014","MANUAL",57,""
418656,190784,"MAX TOTAL AMOUNT","Sum of invoice and exchange rate variances exceeds limit","03-DEC-2014","SYSTEM",,"INVOICE QUICK RELEASED","Holds released in Invoice Holds window","03-DEC-2014","MANUAL",57,""
376621,186723,"MAX TOTAL AMOUNT","Sum of invoice and exchange rate variances exceeds limit","01-NOV-2014","SYSTEM",,"INVOICE QUICK RELEASED","Holds released in Invoice Holds window","01-NOV-2014","MANUAL",57,""
477626,198379,"LINE VARIANCE","Total of Invoice Lines does not equal Invoice Amount","07-FEB-2015","SYSTEM",,"VARIANCE CORRECTED","Invoice variance corrected","07-FEB-2015","SYSTEM",,""
475626,198117,"LINE VARIANCE","Total of Invoice Lines does not equal Invoice Amount","06-FEB-2015","SYSTEM",,"VARIANCE CORRECTED","Invoice variance corrected","12-FEB-2015","SYSTEM",,""
462626,196827,"LINE VARIANCE","Total of Invoice Lines does not equal Invoice Amount","24-JAN-2015","SYSTEM",,"VARIANCE CORRECTED","Invoice variance corrected","25-JAN-2015","SYSTEM",,""
457626,196019,"LINE VARIANCE","Total of Invoice Lines does not equal Invoice Amount","18-JAN-2015","SYSTEM",,"VARIANCE CORRECTED","Invoice variance corrected","24-JAN-2015","SYSTEM",,""
453626,195579,"MAX TOTAL AMOUNT","Sum of invoice and exchange rate variances exceeds limit","16-JAN-2015","SYSTEM",,"MATCH OVERRIDE","Matching hold released","17-JAN-2015","MANUAL",25,""
453627,195579,"MAX TOTAL AMOUNT","Sum of invoice and exchange rate variances exceeds limit","16-JAN-2015","SYSTEM",,"MATCH OVERRIDE","Matching hold released","17-JAN-2015","MANUAL",25,""
453628,195581,"MAX TOTAL AMOUNT","Sum of invoice and exchange rate variances exceeds limit","16-JAN-2015","SYSTEM",,"MATCH OVERRIDE","Matching hold released","17-JAN-2015","MANUAL",25,""
453629,195581,"MAX TOTAL AMOUNT","Sum of invoice and exchange rate variances exceeds limit","16-JAN-2015","SYSTEM",,"MATCH OVERRIDE","Matching hold released","17-JAN-2015","MANUAL",25,""
453630,195581,"MAX TOTAL AMOUNT","Sum of invoice and exchange rate variances exceeds limit","16-JAN-2015","SYSTEM",,"MATCH OVERRIDE","Matching hold released","17-JAN-2015","MANUAL",25,""
453631,195581,"MAX TOTAL AMOUNT","Sum of invoice and exchange rate variances exceeds limit","16-JAN-2015","SYSTEM",,"MATCH OVERRIDE","Matching hold released","17-JAN-2015","MANUAL",25,""
549634,211345,"LINE VARIANCE","Total of Invoice Lines does not equal Invoice Amount","01-JUL-2015","SYSTEM",,"VARIANCE CORRECTED","Invoice variance corrected","01-JUL-2015","SYSTEM",,""
568634,213937,"LINE VARIANCE","Total of Invoice Lines does not equal Invoice Amount","21-JUL-2015","SYSTEM",,"VARIANCE CORRECTED","Invoice variance corrected","27-AUG-2015","SYSTEM",,""
578639,215346,"LINE VARIANCE","Total of Invoice Lines does not equal Invoice Amount","04-AUG-2015","SYSTEM",,"VARIANCE CORRECTED","Invoice variance corrected","04-AUG-2015","SYSTEM",,""
541632,208285,"LINE VARIANCE","Total of Invoice Lines does not equal Invoice Amount","03-JUN-2015","SYSTEM",,"VARIANCE CORRECTED","Invoice variance corrected","03-JUN-2015","SYSTEM",,""
531631,206505,"LINE VARIANCE","Total of Invoice Lines does not equal Invoice Amount","12-MAY-2015","SYSTEM",,"VARIANCE CORRECTED","Invoice variance corrected","12-MAY-2015","SYSTEM",,""
612649,204848,"LINE VARIANCE","Total of Invoice Lines does not equal Invoice Amount","08-OCT-2015","SYSTEM",,"","","","",,""
612650,223099,"DIST VARIANCE","Total of invoice distributions does not equal invoice amount","08-OCT-2015","SYSTEM",,"VARIANCE CORRECTED","Invoice variance corrected","09-OCT-2015","SYSTEM",,""
612651,223098,"DIST VARIANCE","Total of invoice distributions does not equal invoice amount","08-OCT-2015","SYSTEM",,"VARIANCE CORRECTED","Invoice variance corrected","09-OCT-2015","SYSTEM",,""
612652,223097,"DIST VARIANCE","Total of invoice distributions does not equal invoice amount","08-OCT-2015","SYSTEM",,"VARIANCE CORRECTED","Invoice variance corrected","09-OCT-2015","SYSTEM",,""
612653,204848,"DIST VARIANCE","Total of invoice distributions does not equal invoice amount","08-OCT-2015","SYSTEM",,"","","","",,""
612654,223100,"DIST VARIANCE","Total of invoice distributions does not equal invoice amount","08-OCT-2015","SYSTEM",,"VARIANCE CORRECTED","Invoice variance corrected","09-OCT-2015","SYSTEM",,""
497627,200333,"LINE VARIANCE","Total of Invoice Lines does not equal Invoice Amount","06-MAR-2015","SYSTEM",,"VARIANCE CORRECTED","Invoice variance corrected","06-MAR-2015","SYSTEM",,""
609648,222584,"LINE VARIANCE","Total of Invoice Lines does not equal Invoice Amount","02-OCT-2015","SYSTEM",,"VARIANCE CORRECTED","Invoice variance corrected","02-OCT-2015","SYSTEM",,""
641650,228095,"LINE VARIANCE","Total of Invoice Lines does not equal Invoice Amount","05-NOV-2015","SYSTEM",,"VARIANCE CORRECTED","Invoice variance corrected","05-NOV-2015","SYSTEM",,""
657650,231484,"LINE VARIANCE","Total of Invoice Lines does not equal Invoice Amount","03-DEC-2015","SYSTEM",,"VARIANCE CORRECTED","Invoice variance corrected","03-DEC-2015","SYSTEM",,""
545633,209722,"LINE VARIANCE","Total of Invoice Lines does not equal Invoice Amount","17-JUN-2015","SYSTEM",,"VARIANCE CORRECTED","Invoice variance corrected","20-JUN-2015","SYSTEM",,""
593645,218072,"LINE VARIANCE","Total of Invoice Lines does not equal Invoice Amount","04-SEP-2015","SYSTEM",,"VARIANCE CORRECTED","Invoice variance corrected","04-SEP-2015","SYSTEM",,""
627650,225876,"LINE VARIANCE","Total of Invoice Lines does not equal Invoice Amount","21-OCT-2015","SYSTEM",,"VARIANCE CORRECTED","Invoice variance corrected","21-OCT-2015","SYSTEM",,""
627651,225875,"LINE VARIANCE","Total of Invoice Lines does not equal Invoice Amount","21-OCT-2015","SYSTEM",,"VARIANCE CORRECTED","Invoice variance corrected","21-OCT-2015","SYSTEM",,""
627652,225883,"LINE VARIANCE","Total of Invoice Lines does not equal Invoice Amount","21-OCT-2015","SYSTEM",,"VARIANCE CORRECTED","Invoice variance corrected","21-OCT-2015","SYSTEM",,""
627653,225886,"LINE VARIANCE","Total of Invoice Lines does not equal Invoice Amount","21-OCT-2015","SYSTEM",,"VARIANCE CORRECTED","Invoice variance corrected","21-OCT-2015","SYSTEM",,""
627654,225893,"LINE VARIANCE","Total of Invoice Lines does not equal Invoice Amount","21-OCT-2015","SYSTEM",,"VARIANCE CORRECTED","Invoice variance corrected","21-OCT-2015","SYSTEM",,""
627655,225896,"LINE VARIANCE","Total of Invoice Lines does not equal Invoice Amount","21-OCT-2015","SYSTEM",,"VARIANCE CORRECTED","Invoice variance corrected","21-OCT-2015","SYSTEM",,""
627656,225898,"LINE VARIANCE","Total of Invoice Lines does not equal Invoice Amount","21-OCT-2015","SYSTEM",,"VARIANCE CORRECTED","Invoice variance corrected","21-OCT-2015","SYSTEM",,""
627657,225903,"LINE VARIANCE","Total of Invoice Lines does not equal Invoice Amount","21-OCT-2015","SYSTEM",,"VARIANCE CORRECTED","Invoice variance corrected","21-OCT-2015","SYSTEM",,""
627658,225906,"LINE VARIANCE","Total of Invoice Lines does not equal Invoice Amount","21-OCT-2015","SYSTEM",,"VARIANCE CORRECTED","Invoice variance corrected","21-OCT-2015","SYSTEM",,""
490626,199590,"LINE VARIANCE","Total of Invoice Lines does not equal Invoice Amount","26-FEB-2015","SYSTEM",,"VARIANCE CORRECTED","Invoice variance corrected","20-JUN-2015","SYSTEM",,""
627659,225908,"LINE VARIANCE","Total of Invoice Lines does not equal Invoice Amount","21-OCT-2015","SYSTEM",,"VARIANCE CORRECTED","Invoice variance corrected","21-OCT-2015","SYSTEM",,""
627660,225913,"LINE VARIANCE","Total of Invoice Lines does not equal Invoice Amount","21-OCT-2015","SYSTEM",,"VARIANCE CORRECTED","Invoice variance corrected","21-OCT-2015","SYSTEM",,""
627661,225915,"LINE VARIANCE","Total of Invoice Lines does not equal Invoice Amount","21-OCT-2015","SYSTEM",,"VARIANCE CORRECTED","Invoice variance corrected","21-OCT-2015","SYSTEM",,""
627662,225916,"LINE VARIANCE","Total of Invoice Lines does not equal Invoice Amount","21-OCT-2015","SYSTEM",,"VARIANCE CORRECTED","Invoice variance corrected","21-OCT-2015","SYSTEM",,""
627663,225922,"LINE VARIANCE","Total of Invoice Lines does not equal Invoice Amount","21-OCT-2015","SYSTEM",,"VARIANCE CORRECTED","Invoice variance corrected","21-OCT-2015","SYSTEM",,""
627664,225925,"LINE VARIANCE","Total of Invoice Lines does not equal Invoice Amount","21-OCT-2015","SYSTEM",,"VARIANCE CORRECTED","Invoice variance corrected","21-OCT-2015","SYSTEM",,""
627665,225927,"LINE VARIANCE","Total of Invoice Lines does not equal Invoice Amount","21-OCT-2015","SYSTEM",,"VARIANCE CORRECTED","Invoice variance corrected","21-OCT-2015","SYSTEM",,""
627666,225932,"LINE VARIANCE","Total of Invoice Lines does not equal Invoice Amount","21-OCT-2015","SYSTEM",,"VARIANCE CORRECTED","Invoice variance corrected","21-OCT-2015","SYSTEM",,""
627667,225935,"LINE VARIANCE","Total of Invoice Lines does not equal Invoice Amount","21-OCT-2015","SYSTEM",,"VARIANCE CORRECTED","Invoice variance corrected","21-OCT-2015","SYSTEM",,""
627668,225937,"LINE VARIANCE","Total of Invoice Lines does not equal Invoice Amount","21-OCT-2015","SYSTEM",,"VARIANCE CORRECTED","Invoice variance corrected","21-OCT-2015","SYSTEM",,""
627669,225942,"LINE VARIANCE","Total of Invoice Lines does not equal Invoice Amount","21-OCT-2015","SYSTEM",,"VARIANCE CORRECTED","Invoice variance corrected","21-OCT-2015","SYSTEM",,""
627670,225944,"LINE VARIANCE","Total of Invoice Lines does not equal Invoice Amount","21-OCT-2015","SYSTEM",,"VARIANCE CORRECTED","Invoice variance corrected","21-OCT-2015","SYSTEM",,""
627671,225945,"LINE VARIANCE","Total of Invoice Lines does not equal Invoice Amount","21-OCT-2015","SYSTEM",,"VARIANCE CORRECTED","Invoice variance corrected","21-OCT-2015","SYSTEM",,""
627672,225947,"LINE VARIANCE","Total of Invoice Lines does not equal Invoice Amount","21-OCT-2015","SYSTEM",,"VARIANCE CORRECTED","Invoice variance corrected","21-OCT-2015","SYSTEM",,""
517628,202595,"LINE VARIANCE","Total of Invoice Lines does not equal Invoice Amount","02-APR-2015","SYSTEM",,"VARIANCE CORRECTED","Invoice variance corrected","02-APR-2015","SYSTEM",,""
627673,225952,"LINE VARIANCE","Total of Invoice Lines does not equal Invoice Amount","21-OCT-2015","SYSTEM",,"VARIANCE CORRECTED","Invoice variance corrected","21-OCT-2015","SYSTEM",,""
627674,225954,"LINE VARIANCE","Total of Invoice Lines does not equal Invoice Amount","21-OCT-2015","SYSTEM",,"VARIANCE CORRECTED","Invoice variance corrected","21-OCT-2015","SYSTEM",,""
627675,225955,"LINE VARIANCE","Total of Invoice Lines does not equal Invoice Amount","21-OCT-2015","SYSTEM",,"VARIANCE CORRECTED","Invoice variance corrected","21-OCT-2015","SYSTEM",,""
627676,225957,"LINE VARIANCE","Total of Invoice Lines does not equal Invoice Amount","21-OCT-2015","SYSTEM",,"VARIANCE CORRECTED","Invoice variance corrected","21-OCT-2015","SYSTEM",,""
627677,225962,"LINE VARIANCE","Total of Invoice Lines does not equal Invoice Amount","21-OCT-2015","SYSTEM",,"VARIANCE CORRECTED","Invoice variance corrected","21-OCT-2015","SYSTEM",,""
693663,235927,"LINE VARIANCE","Total of Invoice Lines does not equal Invoice Amount","03-FEB-2016","SYSTEM",,"VARIANCE CORRECTED","Invoice variance corrected","03-FEB-2016","SYSTEM",,""
677659,234761,"LINE VARIANCE","Total of Invoice Lines does not equal Invoice Amount","07-JAN-2016","SYSTEM",,"VARIANCE CORRECTED","Invoice variance corrected","07-JAN-2016","SYSTEM",,""
706668,236727,"LINE VARIANCE","Total of Invoice Lines does not equal Invoice Amount","23-FEB-2016","SYSTEM",,"VARIANCE CORRECTED","Invoice variance corrected","09-APR-2016","SYSTEM",,""
